"strangleslogid","sampletype","samplelocation"
1,"guttural pouch wash","guttural pouch gen"
1,"guttural pouch wash","guttural pouch left"
1,"guttural pouch wash","guttural pouch right"
3,"guttural pouch wash","guttural pouch left"
3,"guttural pouch wash","guttural pouch right"
3,"swab","nasopharyngeal"
5,"swab","nasopharyngeal"
6,"guttural pouch wash","guttural pouch left"
6,"guttural pouch wash","guttural pouch right"
7,"guttural pouch wash","guttural pouch gen"
8,"swab","nasopharyngeal"
8,"swab","pharyngeal"
9,"guttural pouch wash","guttural pouch gen"
10,"guttural pouch wash","guttural pouch gen"
11,"swab","abscess"
11,"swab","nasal"
12,"guttural pouch wash","guttural pouch left"
12,"guttural pouch wash","guttural pouch right"
13,"guttural pouch wash","guttural pouch gen"
14,"guttural pouch wash","guttural pouch left"
14,"guttural pouch wash","guttural pouch right"
15,"guttural pouch wash","guttural pouch left"
15,"guttural pouch wash","guttural pouch right"
17,"swab","nasal"
17,"swab","sublingual abscess"
18,"guttural pouch wash","guttural pouch gen"
19,"guttural pouch wash","guttural pouch left"
19,"guttural pouch wash","guttural pouch right"
20,"guttural pouch wash","guttural pouch gen"
20,"swab","nasopharyngeal"
22,"guttural pouch wash","guttural pouch gen"
22,"guttural pouch wash","guttural pouch left"
22,"guttural pouch wash","guttural pouch right"
23,"swab","nasal"
23,"swab","nasopharyngeal"
24,"guttural pouch wash","guttural pouch left"
24,"guttural pouch wash","guttural pouch right"
25,"guttural pouch wash","guttural pouch gen"
25,"other","nasal discharge"
26,"guttural pouch wash","guttural pouch gen"
26,"guttural pouch wash","guttural pouch right"
26,"swab","nasopharyngeal"
28,"guttural pouch wash","guttural pouch gen"
29,"guttural pouch wash","guttural pouch left"
29,"guttural pouch wash","guttural pouch right"
30,"other","pooled GPW and NP"
30,"swab","nasopharyngeal"
31,"swab","nasopharyngeal"
33,"guttural pouch wash","guttural pouch left"
33,"guttural pouch wash","guttural pouch right"
34,"guttural pouch wash","guttural pouch left"
34,"guttural pouch wash","guttural pouch right"
35,"guttural pouch wash","guttural pouch left"
35,"guttural pouch wash","guttural pouch right"
36,"swab","nasopharyngeal"
37,"other","pus"
37,"swab","abscess"
38,"swab","nasopharyngeal"
39,"guttural pouch wash","guttural pouch gen"
41,"guttural pouch wash","guttural pouch gen"
41,"guttural pouch wash","guttural pouch left"
41,"guttural pouch wash","guttural pouch right"
43,"swab","abscess"
43,"swab","nasal discharge"
44,"guttural pouch wash","guttural pouch gen"
44,"swab","nasopharyngeal"
46,"guttural pouch wash","guttural pouch left"
46,"guttural pouch wash","guttural pouch right"
46,"swab","nasopharyngeal"
48,"swab","abscess"
48,"swab","nasopharyngeal"
49,"swab","nasopharyngeal"
50,"guttural pouch wash","guttural pouch right"
50,"swab","nasopharyngeal"
51,"guttural pouch wash","guttural pouch gen"
52,"guttural pouch wash","guttural pouch gen"
52,"guttural pouch wash","guttural pouch left"
52,"guttural pouch wash","guttural pouch right"
53,"other","abscess"
53,"swab","abscess"
54,"guttural pouch wash","guttural pouch gen"
54,"swab","guttural pouch gen"
55,"guttural pouch wash","guttural pouch right"
55,"other","chondroid"
57,"guttural pouch wash","guttural pouch gen"
57,"swab","nasopharyngeal"
59,"guttural pouch wash","guttural pouch gen"
59,"swab","nasopharyngeal"
61,"swab","nasopharyngeal"
62,"guttural pouch wash","guttural pouch gen"
62,"guttural pouch wash","guttural pouch left"
62,"guttural pouch wash","guttural pouch right"
64,"guttural pouch wash","guttural pouch gen"
64,"swab","nasopharyngeal"
65,"guttural pouch wash","guttural pouch gen"
65,"swab","nasopharyngeal"
65,"swab","unspecified"
67,"guttural pouch wash","guttural pouch left"
67,"other","chondroid"
68,"guttural pouch wash","guttural pouch left"
68,"guttural pouch wash","guttural pouch right"
69,"guttural pouch wash","guttural pouch gen"
70,"guttural pouch wash","guttural pouch left"
70,"guttural pouch wash","guttural pouch right"
72,"guttural pouch wash","guttural pouch left"
72,"guttural pouch wash","guttural pouch right"
72,"swab","nasopharyngeal"
73,"guttural pouch wash","guttural pouch left"
73,"guttural pouch wash","guttural pouch right"
74,"guttural pouch wash","guttural pouch gen"
74,"swab","nasopharyngeal"
75,"swab","nasopharyngeal"
76,"guttural pouch wash","guttural pouch gen"
76,"swab","abscess"
78,"guttural pouch wash","guttural pouch gen"
78,"swab","nasopharyngeal"
79,"guttural pouch wash","guttural pouch left"
79,"guttural pouch wash","guttural pouch right"
80,"guttural pouch wash","guttural pouch gen"
81,"guttural pouch wash","guttural pouch left"
81,"guttural pouch wash","guttural pouch right"
82,"swab","abscess"
83,"swab","nasopharyngeal"
84,"swab","abscess"
85,"guttural pouch wash","guttural pouch left"
86,"swab","nasopharyngeal"
87,"swab","nasopharyngeal"
88,"swab","nasopharyngeal"
89,"swab","nasal"
90,"swab","nasopharyngeal"
91,"guttural pouch wash","guttural pouch gen"
92,"swab","nasopharyngeal"
93,"swab","abscess"
94,"swab","nasopharyngeal"
95,"guttural pouch wash","guttural pouch gen"
96,"guttural pouch wash","guttural pouch left"
97,"swab","abscess"
98,"swab","nasal"
99,"swab","nasopharyngeal"
100,"guttural pouch wash","guttural pouch gen"
101,"guttural pouch wash","guttural pouch gen"
102,"other","nasal skin scrape"
103,"tracheal wash","trachea"
104,"swab","nasopharyngeal"
105,"guttural pouch wash","guttural pouch gen"
106,"guttural pouch wash","guttural pouch gen"
107,"guttural pouch wash","guttural pouch gen"
108,"guttural pouch wash","guttural pouch left"
109,"swab","nasopharyngeal"
110,"swab","nasal"
111,"swab","nasal"
112,"swab","abscess"
113,"swab","nasopharyngeal"
114,"guttural pouch wash","guttural pouch gen"
115,"swab","abscess"
116,"swab","nasopharyngeal"
117,"swab","nasopharyngeal"
118,"swab","unspecified"
119,"guttural pouch wash","guttural pouch gen"
120,"swab","nasopharyngeal"
121,"swab","nasopharyngeal"
122,"swab","unspecified"
123,"guttural pouch wash","guttural pouch gen"
124,"swab","nasopharyngeal"
125,"guttural pouch wash","guttural pouch gen"
126,"swab","nasopharyngeal"
127,"swab","nasopharyngeal"
128,"swab","nasopharyngeal"
129,"guttural pouch wash","guttural pouch right"
130,"guttural pouch wash","guttural pouch gen"
131,"guttural pouch wash","guttural pouch gen"
132,"swab","nasopharyngeal"
133,"guttural pouch wash","guttural pouch right"
134,"guttural pouch wash","guttural pouch right"
135,"swab","nasopharyngeal"
136,"swab","nasopharyngeal"
137,"swab","abscess"
138,"guttural pouch wash","guttural pouch gen"
139,"guttural pouch wash","guttural pouch gen"
140,"guttural pouch wash","guttural pouch gen"
141,"swab","nasopharyngeal"
142,"swab","nasopharyngeal"
143,"swab","nasopharyngeal"
144,"tracheal wash","trachea"
145,"guttural pouch wash","guttural pouch left"
146,"guttural pouch wash","guttural pouch right"
147,"swab","nasopharyngeal"
148,"swab","nasal"
149,"swab","nasal discharge"
150,"swab","nasopharyngeal"
151,"swab","nasopharyngeal"
152,"swab","nasal discharge"
153,"swab","nasopharyngeal"
154,"swab","SMLN"
155,"guttural pouch wash","guttural pouch gen"
156,"swab","nasopharyngeal"
157,"guttural pouch wash","guttural pouch left"
158,"swab","nasopharyngeal"
159,"swab","nasopharyngeal"
160,"guttural pouch wash","guttural pouch gen"
161,"guttural pouch wash","guttural pouch left"
162,"guttural pouch wash","guttural pouch right"
163,"swab","nasal"
164,"swab","abscess"
165,"guttural pouch wash","guttural pouch gen"
166,"swab","nasopharyngeal"
167,"swab","abscess"
168,"swab","nasal"
169,"guttural pouch wash","guttural pouch left"
170,"other","unspecified"
171,"swab","unspecified"
172,"swab","gland"
173,"swab","abscess"
174,"swab","abscess"
175,"swab","unspecified"
176,"guttural pouch wash","guttural pouch gen"
177,"guttural pouch wash","guttural pouch gen"
178,"guttural pouch wash","guttural pouch left"
179,"other","abscess"
180,"swab","abscess"
181,"swab","abscess"
182,"swab","nasopharyngeal"
183,"swab","unspecified"
184,"guttural pouch wash","guttural pouch gen"
185,"swab","abscess"
186,"guttural pouch wash","guttural pouch gen"
187,"swab","nasopharyngeal"
188,"swab","nasopharyngeal"
189,"swab","nasopharyngeal"
190,"swab","nasopharyngeal"
191,"swab","nasopharyngeal"
192,"swab","unspecified"
193,"guttural pouch wash","guttural pouch right"
194,"swab","nasopharyngeal"
195,"guttural pouch wash","guttural pouch left"
196,"swab","nasopharyngeal"
197,"swab","nasopharyngeal"
198,"guttural pouch wash","guttural pouch right"
199,"swab","nasopharyngeal"
200,"swab","nasopharyngeal"
201,"swab","nasopharyngeal"
202,"swab","nasopharyngeal"
203,"swab","nasopharyngeal"
204,"swab","nasopharyngeal"
205,"swab","nasal"
206,"guttural pouch wash","guttural pouch gen"
207,"swab","nasal"
208,"swab","abscess"
209,"guttural pouch wash","guttural pouch gen"
210,"swab","nasal discharge"
211,"swab","nasopharyngeal"
212,"guttural pouch wash","guttural pouch gen"
213,"guttural pouch wash","guttural pouch gen"
214,"swab","abscess"
215,"swab","nasopharyngeal"
216,"swab","nasopharyngeal"
217,"swab","unspecified"
218,"swab","nasopharyngeal"
219,"swab","nasopharyngeal"
220,"other","guttural pouch gen"
221,"swab","unspecified"
222,"swab","unspecified"
223,"swab","abscess"
224,"swab","nasopharyngeal"
225,"swab","nasopharyngeal"
226,"swab","nasopharyngeal"
227,"swab","nasal"
228,"swab","nasopharyngeal"
229,"swab","nasopharyngeal"
230,"swab","nasopharyngeal"
231,"swab","nasopharyngeal"
232,"swab","nasopharyngeal"
233,"guttural pouch wash","guttural pouch gen"
234,"swab","nasopharyngeal"
235,"guttural pouch wash","guttural pouch gen"
236,"swab","nasal"
237,"guttural pouch wash","guttural pouch right"
238,"swab","nasopharyngeal"
239,"swab","nasopharyngeal"
240,"guttural pouch wash","guttural pouch gen"
241,"guttural pouch wash","guttural pouch gen"
242,"guttural pouch wash","guttural pouch gen"
243,"swab","nasopharyngeal"
244,"other","abscess"
245,"swab","nasopharyngeal"
246,"swab","nasopharyngeal"
247,"guttural pouch wash","guttural pouch gen"
248,"swab","nasal"
249,"swab","nasopharyngeal"
250,"guttural pouch wash","guttural pouch gen"
251,"guttural pouch wash","guttural pouch gen"
252,"guttural pouch wash","guttural pouch gen"
253,"guttural pouch wash","guttural pouch gen"
254,"swab","SMLN"
255,"guttural pouch wash","guttural pouch gen"
256,"guttural pouch wash","guttural pouch gen"
257,"guttural pouch wash","guttural pouch gen"
258,"swab","abscess"
259,"swab","nasopharyngeal"
260,"guttural pouch wash","guttural pouch gen"
261,"swab","nasopharyngeal"
262,"guttural pouch wash","guttural pouch gen"
263,"guttural pouch wash","guttural pouch gen"
264,"swab","abscess"
265,"swab","unspecified"
266,"guttural pouch wash","guttural pouch gen"
267,"guttural pouch wash","guttural pouch gen"
268,"swab","nasopharyngeal"
269,"swab","nasal"
270,"swab","nasopharyngeal"
271,"guttural pouch wash","guttural pouch right"
272,"swab","nasopharyngeal"
273,"swab","nasopharyngeal"
274,"swab","nasopharyngeal"
275,"swab","nasopharyngeal"
276,"swab","nasopharyngeal"
277,"swab","nasopharyngeal"
278,"swab","nasopharyngeal"
279,"swab","nasal"
280,"swab","nasal"
281,"guttural pouch wash","guttural pouch gen"
282,"swab","nasopharyngeal"
283,"swab","nasopharyngeal"
284,"swab","nasopharyngeal"
285,"swab","nasopharyngeal"
286,"swab","nasopharyngeal"
287,"swab","nasopharyngeal"
288,"swab","nasopharyngeal"
289,"swab","nasopharyngeal"
290,"swab","abscess"
291,"swab","pooled n and np"
292,"other","placenta"
293,"guttural pouch wash","guttural pouch gen"
294,"swab","nasopharyngeal"
295,"guttural pouch wash","guttural pouch gen"
296,"swab","nasopharyngeal"
297,"swab","nasopharyngeal"
298,"swab","nasopharyngeal"
299,"swab","unspecified"
300,"swab","nasopharyngeal"
301,"swab","abscess"
302,"guttural pouch wash","guttural pouch gen"
303,"guttural pouch wash","guttural pouch gen"
304,"swab","nasal"
305,"swab","nasopharyngeal"
306,"swab","nasopharyngeal"
307,"swab","nasal"
308,"swab","nasal discharge"
309,"guttural pouch wash","guttural pouch gen"
310,"swab","abscess"
311,"swab","nasopharyngeal"
312,"guttural pouch wash","guttural pouch gen"
313,"guttural pouch wash","guttural pouch gen"
314,"guttural pouch wash","guttural pouch gen"
315,"guttural pouch wash","guttural pouch gen"
316,"swab","nasopharyngeal"
317,"guttural pouch wash","guttural pouch gen"
318,"guttural pouch wash","guttural pouch gen"
319,"guttural pouch wash","guttural pouch gen"
320,"guttural pouch wash","guttural pouch gen"
321,"swab","nasopharyngeal"
322,"swab","nasopharyngeal"
323,"swab","nasopharyngeal"
324,"guttural pouch wash","guttural pouch gen"
325,"guttural pouch wash","guttural pouch gen"
326,"guttural pouch wash","guttural pouch gen"
327,"guttural pouch wash","guttural pouch gen"
328,"guttural pouch wash","guttural pouch gen"
329,"swab","nasopharyngeal"
330,"tracheal wash","trachea"
331,"guttural pouch wash","guttural pouch gen"
332,"guttural pouch wash","guttural pouch gen"
333,"guttural pouch wash","guttural pouch gen"
334,"swab","nasopharyngeal"
335,"guttural pouch wash","guttural pouch gen"
336,"swab","nasopharyngeal"
337,"swab","nasopharyngeal"
338,"swab","unspecified"
339,"swab","nasopharyngeal"
340,"swab","abscess"
341,"swab","abscess"
342,"guttural pouch wash","guttural pouch gen"
343,"guttural pouch wash","guttural pouch gen"
344,"swab","lesion"
345,"swab","abscess"
346,"swab","nasopharyngeal"
347,"swab","nasopharyngeal"
348,"swab","nasopharyngeal"
349,"swab","nasal"
350,"swab","nasopharyngeal"
351,"swab","nasopharyngeal"
352,"swab","abscess"
353,"chondroid","guttural pouch right"
354,"swab","nasopharyngeal"
356,"guttural pouch wash","guttural pouch gen"
357,"guttural pouch wash","guttural pouch gen"
358,"swab","nasopharyngeal"
359,"swab","SMLN"
360,"guttural pouch wash","guttural pouch gen"
361,"swab","nasopharyngeal"
362,"guttural pouch wash","guttural pouch gen"
363,"guttural pouch wash","guttural pouch gen"
364,"guttural pouch wash","guttural pouch gen"
365,"swab","abscess"
366,"swab","parotid area"
367,"guttural pouch wash","guttural pouch gen"
368,"guttural pouch wash","guttural pouch gen"
369,"guttural pouch wash","guttural pouch gen"
370,"swab","abscess"
371,"swab","abscess"
372,"guttural pouch wash","guttural pouch gen"
373,"swab","nasal"
374,"swab","abscess"
375,"swab","SMLN"
376,"guttural pouch wash","guttural pouch gen"
377,"guttural pouch wash","guttural pouch gen"
378,"guttural pouch wash","guttural pouch gen"
379,"swab","nasal"
380,"guttural pouch wash","guttural pouch gen"
381,"swab","nasopharyngeal"
382,"guttural pouch wash","guttural pouch gen"
383,"swab","nasal"
384,"guttural pouch wash","guttural pouch gen"
385,"swab","nasopharyngeal"
386,"swab","nasopharyngeal"
387,"swab","nasopharyngeal"
388,"swab","nasal"
389,"swab","nasopharyngeal"
390,"swab","nasopharyngeal"
391,"swab","nasal"
392,"swab","nasopharyngeal"
393,"swab","nasopharyngeal"
394,"guttural pouch wash","guttural pouch left"
395,"guttural pouch wash","guttural pouch gen"
396,"guttural pouch wash","guttural pouch gen"
397,"swab","nasopharyngeal"
398,"swab","nasopharyngeal"
399,"other","unknown scab"
400,"swab","nasopharyngeal"
404,"swab","nasopharyngeal"
405,"guttural pouch wash","guttural pouch gen"
406,"swab","nasal"
407,"guttural pouch wash","guttural pouch gen"
408,"swab","nasopharyngeal"
410,"swab","nasal"
411,"swab","nasal"
412,"swab","nasopharyngeal"
413,"swab","nasopharyngeal"
416,"swab","nasopharyngeal"
417,"guttural pouch wash","guttural pouch gen"
420,"guttural pouch wash","guttural pouch gen"
421,"swab","nasal"
422,"guttural pouch wash","guttural pouch gen"
423,"guttural pouch wash","guttural pouch gen"
424,"guttural pouch wash","guttural pouch gen"
426,"other","abscess"
427,"guttural pouch wash","guttural pouch gen"
428,"guttural pouch wash","guttural pouch gen"
432,"other","abscess"
433,"guttural pouch wash","guttural pouch gen"
434,"guttural pouch wash","guttural pouch gen"
435,"guttural pouch wash","guttural pouch gen"
436,"guttural pouch wash","guttural pouch gen"
437,"swab","nasopharyngeal"
438,"guttural pouch wash","guttural pouch gen"
439,"guttural pouch wash","guttural pouch gen"
440,"guttural pouch wash","guttural pouch gen"
441,"swab","nasal"
443,"guttural pouch wash","guttural pouch gen"
444,"other","pus"
444,"swab","nasopharyngeal"
445,"swab","nasopharyngeal"
446,"swab","nasopharyngeal"
447,"swab","nasopharyngeal"
448,"guttural pouch wash","guttural pouch gen"
449,"other","abscess"
450,"guttural pouch wash","guttural pouch left"
450,"guttural pouch wash","guttural pouch right"
452,"swab","nasopharyngeal"
453,"guttural pouch wash","guttural pouch gen"
454,"guttural pouch wash","guttural pouch gen"
455,"swab","nasopharyngeal"
456,"swab","nasopharyngeal"
457,"guttural pouch wash","guttural pouch gen"
458,"guttural pouch wash","guttural pouch gen"
459,"guttural pouch wash","guttural pouch gen"
460,"guttural pouch wash","guttural pouch gen"
460,"swab","nasopharyngeal"
461,"guttural pouch wash","guttural pouch gen"
462,"guttural pouch wash","guttural pouch gen"
463,"swab","nasopharyngeal"
464,"guttural pouch wash","guttural pouch left"
464,"guttural pouch wash","guttural pouch right"
465,"swab","nasopharyngeal"
466,"swab","nasopharyngeal"
467,"guttural pouch wash","guttural pouch gen"
468,"guttural pouch wash","guttural pouch gen"
468,"swab","nasopharyngeal"
469,"swab","nasal"
470,"swab","abscess"
471,"swab","nasopharyngeal"
472,"swab","abscess"
473,"swab","nasopharyngeal"
476,"swab","nasopharyngeal"
477,"swab","abscess"
478,"swab","nasopharyngeal"
479,"guttural pouch wash","guttural pouch gen"
481,"swab","nasopharyngeal"
482,"swab","nasopharyngeal"
483,"swab","nasopharyngeal"
484,"guttural pouch wash","guttural pouch gen"
485,"swab","nasopharyngeal"
486,"swab","nasal"
487,"swab","nasopharyngeal"
488,"swab","nasopharyngeal"
489,"guttural pouch wash","guttural pouch gen"
490,"guttural pouch wash","guttural pouch right"
491,"guttural pouch wash","guttural pouch gen"
491,"guttural pouch wash","guttural pouch left"
492,"swab","nasopharyngeal"
493,"swab","nasal"
537,"swab","nasopharyngeal"
538,"other","pooled GPW and NP"
539,"swab","nasopharyngeal"
540,"guttural pouch wash","guttural pouch right"
541,"swab","nasopharyngeal"
542,"swab","nasopharyngeal"
543,"swab","nasopharyngeal"
544,"guttural pouch wash","guttural pouch left"
544,"guttural pouch wash","guttural pouch right"
544,"swab","nasopharyngeal"
545,"swab","unspecified"
546,"guttural pouch wash","guttural pouch left"
546,"guttural pouch wash","guttural pouch right"
547,"guttural pouch wash","guttural pouch left"
547,"guttural pouch wash","guttural pouch right"
548,"guttural pouch wash","guttural pouch right"
549,"swab","unspecified"
550,"swab","nasopharyngeal"
551,"swab","nasopharyngeal"
552,"swab","nasopharyngeal"
553,"swab","nasopharyngeal"
554,"swab","nasopharyngeal"
555,"guttural pouch wash","guttural pouch left"
555,"swab","nasal"
556,"swab","nasal"
557,"guttural pouch wash","guttural pouch left"
557,"swab","nasal"
558,"guttural pouch wash","guttural pouch gen"
559,"guttural pouch wash","guttural pouch left"
560,"tracheal wash","trachea"
561,"guttural pouch wash","guttural pouch right"
562,"swab","nasopharyngeal"
563,"swab","nasopharyngeal"
564,"guttural pouch wash","guttural pouch gen"
564,"swab","nasopharyngeal"
565,"guttural pouch wash","guttural pouch left"
565,"swab","nasopharyngeal"
566,"swab","nasal"
567,"swab","nasopharyngeal"
568,"swab","nasopharyngeal"
569,"swab","nasopharyngeal"
570,"swab","nasopharyngeal"
571,"guttural pouch wash","guttural pouch gen"
572,"swab","nasopharyngeal"
573,"swab","nasopharyngeal"
574,"swab","nasopharyngeal"
575,"guttural pouch wash","guttural pouch right"
576,"guttural pouch wash","guttural pouch right"
576,"swab","nasopharyngeal"
577,"swab","nasopharyngeal"
578,"swab","nasopharyngeal"
579,"swab","nasopharyngeal"
580,"other","pooled GPW and NP"
581,"other","pooled GPW and NP"
582,"other","pooled GPW and NP"
583,"other","pooled GPW and NP"
584,"swab","unspecified"
585,"guttural pouch wash","guttural pouch gen"
586,"swab","nasopharyngeal"
587,"swab","nasopharyngeal"
588,"swab","nasopharyngeal"
589,"swab","nasopharyngeal"
590,"guttural pouch wash","guttural pouch gen"
591,"guttural pouch wash","guttural pouch right"
592,"swab","nasopharyngeal"
593,"guttural pouch wash","guttural pouch right"
594,"swab","nasopharyngeal"
595,"guttural pouch wash","guttural pouch left"
595,"guttural pouch wash","guttural pouch right"
596,"guttural pouch wash","guttural pouch left"
596,"guttural pouch wash","guttural pouch right"
597,"guttural pouch wash","guttural pouch left"
598,"guttural pouch wash","guttural pouch left"
599,"guttural pouch wash","guttural pouch left"
600,"guttural pouch wash","guttural pouch left"
601,"guttural pouch wash","guttural pouch right"
602,"swab","nasopharyngeal"
603,"swab","nasopharyngeal"
604,"guttural pouch wash","guttural pouch left"
605,"swab","nasal"
605,"swab","nasopharyngeal"
606,"swab","abscess"
606,"swab","nasopharyngeal"
607,"swab","nasopharyngeal"
608,"swab","abscess"
609,"swab","unspecified"
610,"swab","nasopharyngeal"
611,"swab","nasopharyngeal"
612,"guttural pouch wash","guttural pouch gen"
613,"swab","nasal"
614,"guttural pouch wash","guttural pouch gen"
615,"guttural pouch wash","guttural pouch gen"
615,"swab","nasopharyngeal"
616,"guttural pouch wash","guttural pouch gen"
616,"swab","nasal"
617,"swab","unspecified"
618,"swab","abscess"
619,"swab","nasopharyngeal"
620,"swab","nasopharyngeal"
621,"swab","nasopharyngeal"
622,"swab","nasopharyngeal"
623,"swab","unspecified"
624,"guttural pouch wash","guttural pouch gen"
625,"guttural pouch wash","guttural pouch gen"
626,"guttural pouch wash","guttural pouch gen"
627,"swab","nasal"
628,"guttural pouch wash","guttural pouch gen"
628,"other","pooled GPW and NP"
628,"swab","nasal"
629,"guttural pouch wash","guttural pouch gen"
630,"guttural pouch wash","guttural pouch gen"
631,"swab","nasopharyngeal"
632,"swab","nasopharyngeal"
633,"swab","abscess"
634,"swab","nasopharyngeal"
635,"swab","unspecified"
636,"guttural pouch wash","guttural pouch left"
637,"guttural pouch wash","guttural pouch gen"
638,"guttural pouch wash","guttural pouch gen"
639,"guttural pouch wash","guttural pouch gen"
639,"swab","nasopharyngeal"
640,"swab","nasopharyngeal"
641,"swab","nasopharyngeal"
642,"swab","nasopharyngeal"
643,"swab","nasopharyngeal"
644,"guttural pouch wash","guttural pouch gen"
645,"guttural pouch wash","guttural pouch gen"
646,"swab","nasopharyngeal"
647,"swab","unspecified"
648,"other","pus"
648,"swab","SMLN"
649,"guttural pouch wash","guttural pouch left"
649,"swab","nasopharyngeal"
650,"guttural pouch wash","guttural pouch gen"
651,"swab","nasopharyngeal"
652,"swab","nasal"
653,"swab","nasopharyngeal"
654,"swab","nasopharyngeal"
655,"swab","nasopharyngeal"
656,"guttural pouch wash","guttural pouch gen"
657,"swab","unspecified"
658,"guttural pouch wash","guttural pouch gen"
658,"swab","nasopharyngeal"
659,"guttural pouch wash","guttural pouch gen"
659,"swab","nasopharyngeal"
660,"other","pooled GPW and NP"
661,"guttural pouch wash","guttural pouch left"
662,"guttural pouch wash","guttural pouch left"
662,"swab","nasopharyngeal"
663,"guttural pouch wash","guttural pouch gen"
664,"swab","nasopharyngeal"
665,"swab","nasopharyngeal"
666,"guttural pouch wash","guttural pouch right"
667,"swab","nasopharyngeal"
668,"swab","nasopharyngeal"
669,"swab","nasopharyngeal"
670,"guttural pouch wash","guttural pouch gen"
671,"swab","nasopharyngeal"
672,"swab","nasopharyngeal"
673,"other","pooled GPW and NP"
674,"swab","nasopharyngeal"
675,"guttural pouch wash","guttural pouch gen"
676,"swab","nasal"
677,"swab","nasal"
678,"swab","nasal"
679,"swab","nasopharyngeal"
680,"swab","nasopharyngeal"
681,"other","pooled GPW and NP"
682,"other","pooled GPW and NP"
683,"other","pooled GPW and NP"
684,"guttural pouch wash","guttural pouch gen"
684,"swab","nasopharyngeal"
685,"swab","nasopharyngeal"
686,"guttural pouch wash","guttural pouch gen"
687,"swab","nasopharyngeal"
688,"other","pus"
689,"swab","abscess"
690,"swab","unspecified"
691,"swab","nasal"
692,"swab","nasopharyngeal"
693,"guttural pouch wash","guttural pouch gen"
694,"guttural pouch wash","guttural pouch gen"
694,"swab","nasal discharge"
695,"swab","nasopharyngeal"
696,"guttural pouch wash","guttural pouch gen"
697,"swab","abscess"
698,"guttural pouch wash","guttural pouch gen"
699,"guttural pouch wash","guttural pouch left"
700,"other","guttural pouch left"
701,"guttural pouch wash","guttural pouch right"
702,"swab","nasopharyngeal"
703,"swab","nasopharyngeal"
704,"guttural pouch wash","guttural pouch gen"
705,"guttural pouch wash","guttural pouch gen"
706,"swab","nasopharyngeal"
707,"guttural pouch wash","guttural pouch gen"
708,"guttural pouch wash","guttural pouch gen"
709,"guttural pouch wash","guttural pouch gen"
709,"guttural pouch wash","guttural pouch right"
710,"guttural pouch wash","guttural pouch right"
710,"other","nasal skin scrape"
710,"swab","nasopharyngeal"
711,"guttural pouch wash","guttural pouch gen"
712,"swab","unspecified"
713,"guttural pouch wash","guttural pouch left"
713,"guttural pouch wash","guttural pouch right"
714,"guttural pouch wash","guttural pouch gen"
715,"guttural pouch wash","guttural pouch gen"
716,"guttural pouch wash","guttural pouch gen"
717,"guttural pouch wash","guttural pouch left"
717,"guttural pouch wash","guttural pouch right"
718,"other","pooled GPW and NP"
719,"guttural pouch wash","guttural pouch right"
720,"swab","nasopharyngeal"
721,"swab","nasopharyngeal"
722,"guttural pouch wash","guttural pouch right"
723,"guttural pouch wash","guttural pouch gen"
724,"swab","unspecified"
725,"swab","unspecified"
726,"tracheal wash","trachea"
727,"swab","nasopharyngeal"
728,"swab","unspecified"
729,"guttural pouch wash","guttural pouch gen"
730,"guttural pouch wash","guttural pouch gen"
731,"guttural pouch wash","guttural pouch gen"
731,"swab","nasopharyngeal"
732,"swab","unspecified"
733,"guttural pouch wash","guttural pouch gen"
733,"guttural pouch wash","guttural pouch right"
734,"swab","nasopharyngeal"
735,"guttural pouch wash","guttural pouch left"
736,"other","abscess"
736,"swab","nasopharyngeal"
737,"guttural pouch wash","guttural pouch right"
737,"swab","nasal"
738,"swab","nasopharyngeal"
739,"swab","nasopharyngeal"
740,"swab","abscess"
740,"swab","nasopharyngeal"
741,"guttural pouch wash","guttural pouch left"
741,"guttural pouch wash","guttural pouch right"
742,"guttural pouch wash","guttural pouch gen"
742,"swab","nasopharyngeal"
742,"tracheal wash","trachea"
743,"swab","nasopharyngeal"
744,"swab","nasal"
744,"swab","nasopharyngeal"
745,"guttural pouch wash","guttural pouch gen"
746,"swab","unspecified"
747,"guttural pouch wash","guttural pouch gen"
747,"guttural pouch wash","guttural pouch left"
748,"guttural pouch wash","guttural pouch gen"
749,"guttural pouch wash","guttural pouch gen"
750,"swab","nasopharyngeal"
751,"swab","nasopharyngeal"
752,"swab","nasopharyngeal"
753,"swab","nasal"
754,"swab","nasopharyngeal"
755,"swab","nasal"
756,"swab","nasal"
757,"guttural pouch wash","guttural pouch right"
758,"swab","sinus_tract"
758,"swab","unspecified"
759,"swab","nasopharyngeal"
760,"swab","nasopharyngeal"
761,"swab","nasopharyngeal"
762,"guttural pouch wash","guttural pouch gen"
763,"guttural pouch wash","guttural pouch right"
764,"swab","unspecified"
765,"swab","nasopharyngeal"
766,"guttural pouch wash","guttural pouch left"
767,"other","unspecified"
768,"guttural pouch wash","guttural pouch gen"
769,"guttural pouch wash","guttural pouch gen"
770,"guttural pouch wash","guttural pouch gen"
771,"guttural pouch wash","guttural pouch left"
771,"guttural pouch wash","guttural pouch right"
772,"guttural pouch wash","guttural pouch left"
772,"guttural pouch wash","guttural pouch right"
773,"guttural pouch wash","guttural pouch left"
774,"swab","nasal"
775,"swab","nasal"
776,"swab","nasal"
777,"swab","nasopharyngeal"
778,"swab","nasopharyngeal"
779,"swab","nasopharyngeal"
780,"guttural pouch wash","guttural pouch left"
780,"guttural pouch wash","guttural pouch right"
781,"swab","nasopharyngeal"
782,"swab","abscess"
783,"swab","unspecified"
784,"guttural pouch wash","guttural pouch gen"
785,"guttural pouch wash","guttural pouch gen"
785,"tracheal wash","trachea"
786,"swab","abscess"
787,"guttural pouch wash","guttural pouch left"
787,"guttural pouch wash","guttural pouch right"
787,"swab","nasopharyngeal"
788,"swab","nasopharyngeal"
789,"swab","nasopharyngeal"
790,"swab","nasopharyngeal"
791,"swab","nasopharyngeal"
792,"swab","nasal"
793,"swab","nasopharyngeal"
794,"guttural pouch wash","guttural pouch left"
795,"swab","nasopharyngeal"
796,"swab","nasal"
796,"swab","pus"
797,"swab","nasopharyngeal"
798,"swab","abscess"
799,"swab","abscess"
800,"swab","SMLN"
801,"swab","nasopharyngeal"
802,"guttural pouch wash","guttural pouch left"
802,"swab","nasopharyngeal"
803,"swab","nasopharyngeal"
804,"guttural pouch wash","guttural pouch left"
804,"guttural pouch wash","guttural pouch right"
805,"swab","nasopharyngeal"
806,"guttural pouch wash","guttural pouch gen"
807,"guttural pouch wash","guttural pouch left"
807,"guttural pouch wash","guttural pouch right"
808,"swab","unspecified"
809,"guttural pouch wash","guttural pouch left"
810,"swab","unspecified"
811,"guttural pouch wash","guttural pouch gen"
812,"guttural pouch wash","guttural pouch gen"
813,"guttural pouch wash","guttural pouch gen"
814,"guttural pouch wash","guttural pouch gen"
815,"guttural pouch wash","guttural pouch gen"
816,"swab","abscess"
817,"swab","unspecified"
818,"swab","nasopharyngeal"
819,"other","culture plate"
820,"swab","pooled GPW and NP"
821,"swab","sinus"
822,"guttural pouch wash","guttural pouch left"
822,"swab","unspecified"
823,"swab","unspecified"
824,"swab","abscess"
825,"guttural pouch wash","guttural pouch gen"
826,"guttural pouch wash","guttural pouch right"
827,"swab","nasopharyngeal"
828,"swab","nasopharyngeal"
829,"swab","nasopharyngeal"
830,"guttural pouch wash","guttural pouch left"
831,"swab","nasopharyngeal"
832,"swab","nasopharyngeal"
833,"swab","unspecified"
834,"guttural pouch wash","guttural pouch left"
834,"swab","nasopharyngeal"
835,"guttural pouch wash","guttural pouch right"
835,"swab","nasopharyngeal"
836,"guttural pouch wash","guttural pouch gen"
837,"guttural pouch wash","guttural pouch left"
838,"guttural pouch wash","guttural pouch left"
839,"guttural pouch wash","guttural pouch left"
840,"guttural pouch wash","guttural pouch gen"
840,"guttural pouch wash","guttural pouch left"
840,"guttural pouch wash","guttural pouch right"
840,"swab","nasopharyngeal"
841,"swab","nasopharyngeal"
842,"other","chondroid"
843,"swab","larynx"
844,"guttural pouch wash","guttural pouch gen"
845,"swab","nasal"
846,"guttural pouch wash","guttural pouch left"
847,"swab","nasopharyngeal"
848,"swab","abscess"
849,"swab","pus"
850,"guttural pouch wash","guttural pouch left"
850,"guttural pouch wash","guttural pouch right"
851,"guttural pouch wash","guttural pouch left"
851,"guttural pouch wash","guttural pouch right"
852,"swab","nasopharyngeal"
853,"guttural pouch wash","guttural pouch gen"
854,"guttural pouch wash","guttural pouch gen"
855,"guttural pouch wash","guttural pouch right"
856,"guttural pouch wash","guttural pouch left"
857,"swab","nasopharyngeal"
858,"swab","abscess"
859,"swab","nasopharyngeal"
860,"swab","nasopharyngeal"
861,"swab","nasopharyngeal"
862,"swab","abscess"
863,"guttural pouch wash","guttural pouch gen"
863,"swab","unspecified"
864,"guttural pouch wash","guttural pouch gen"
865,"guttural pouch wash","guttural pouch gen"
866,"guttural pouch wash","guttural pouch gen"
867,"swab","nasopharyngeal"
868,"swab","unspecified"
869,"swab","nasopharyngeal"
870,"guttural pouch wash","guttural pouch gen"
871,"guttural pouch wash","guttural pouch left"
871,"guttural pouch wash","guttural pouch right"
872,"swab","nasopharyngeal"
873,"swab","nasopharyngeal"
874,"swab","unspecified"
875,"swab","abscess"
876,"guttural pouch wash","guttural pouch gen"
877,"guttural pouch wash","guttural pouch gen"
878,"guttural pouch wash","guttural pouch gen"
879,"guttural pouch wash","guttural pouch gen"
880,"guttural pouch wash","guttural pouch gen"
881,"guttural pouch wash","guttural pouch gen"
882,"guttural pouch wash","guttural pouch gen"
882,"guttural pouch wash","guttural pouch left"
883,"guttural pouch wash","guttural pouch gen"
884,"guttural pouch wash","guttural pouch gen"
884,"guttural pouch wash","guttural pouch right"
885,"swab","nasopharyngeal"
886,"swab","nasal"
886,"swab","nasopharyngeal"
887,"guttural pouch wash","guttural pouch left"
887,"guttural pouch wash","guttural pouch right"
887,"swab","nasopharyngeal"
888,"swab","abscess"
889,"guttural pouch wash","guttural pouch gen"
890,"guttural pouch wash","guttural pouch left"
890,"swab","nasopharyngeal"
891,"guttural pouch wash","guttural pouch gen"
892,"guttural pouch wash","guttural pouch right"
893,"guttural pouch wash","guttural pouch left"
894,"guttural pouch wash","guttural pouch gen"
894,"swab","abscess"
895,"swab","nasopharyngeal"
896,"guttural pouch wash","guttural pouch gen"
896,"swab","nasopharyngeal"
897,"swab","nasopharyngeal"
898,"swab","nasopharyngeal"
899,"guttural pouch wash","guttural pouch left"
899,"guttural pouch wash","guttural pouch right"
900,"swab","nasopharyngeal"
901,"guttural pouch wash","guttural pouch gen"
901,"swab","nasopharyngeal"
902,"swab","nasopharyngeal"
903,"guttural pouch wash","guttural pouch gen"
904,"swab","nasopharyngeal"
905,"guttural pouch wash","guttural pouch gen"
906,"swab","nasal"
907,"guttural pouch wash","guttural pouch left"
907,"guttural pouch wash","guttural pouch right"
908,"guttural pouch wash","guttural pouch left"
909,"swab","nasopharyngeal"
910,"swab","abscess"
911,"guttural pouch wash","guttural pouch gen"
912,"other","chondroid"
913,"other","chondroid"
914,"guttural pouch wash","guttural pouch gen"
915,"swab","nasopharyngeal"
916,"guttural pouch wash","guttural pouch right"
917,"swab","nasopharyngeal"
918,"guttural pouch wash","guttural pouch left"
919,"swab","nasal"
920,"guttural pouch wash","guttural pouch left"
920,"guttural pouch wash","guttural pouch right"
921,"swab","abscess"
922,"guttural pouch wash","guttural pouch gen"
922,"other","abscess"
923,"swab","unspecified"
924,"swab","unspecified"
925,"guttural pouch wash","guttural pouch gen"
926,"guttural pouch wash","guttural pouch gen"
926,"other","unspecified"
927,"swab","unspecified"
928,"guttural pouch wash","guttural pouch left"
929,"guttural pouch wash","guttural pouch gen"
930,"swab","nasopharyngeal"
931,"swab","abscess"
932,"swab","nasopharyngeal"
933,"swab","nasopharyngeal"
934,"swab","nasopharyngeal"
935,"guttural pouch wash","guttural pouch right"
936,"guttural pouch wash","guttural pouch gen"
936,"guttural pouch wash","guttural pouch left"
937,"swab","nasopharyngeal"
938,"swab","nasopharyngeal"
939,"guttural pouch wash","guttural pouch left"
939,"guttural pouch wash","guttural pouch right"
939,"swab","guttural pouch left"
939,"swab","nasopharyngeal"
940,"swab","nasopharyngeal"
941,"swab","nasopharyngeal"
942,"swab","abscess"
943,"swab","unspecified"
944,"swab","abscess"
945,"swab","abscess"
946,"guttural pouch wash","guttural pouch left"
947,"guttural pouch wash","guttural pouch left"
947,"guttural pouch wash","guttural pouch right"
948,"guttural pouch wash","guttural pouch gen"
948,"guttural pouch wash","guttural pouch left"
948,"guttural pouch wash","guttural pouch right"
949,"swab","abscess"
950,"swab","nasopharyngeal"
951,"swab","unspecified"
952,"swab","nasopharyngeal"
953,"guttural pouch wash","guttural pouch gen"
954,"swab","SMLN"
955,"swab","nasopharyngeal"
956,"guttural pouch wash","guttural pouch right"
956,"swab","nasopharyngeal"
957,"swab","nasopharyngeal"
958,"other","unspecified"
959,"swab","nasopharyngeal"
960,"swab","abscess"
961,"swab","nasopharyngeal"
962,"guttural pouch wash","guttural pouch left"
963,"guttural pouch wash","guttural pouch left"
963,"guttural pouch wash","guttural pouch right"
964,"swab","nasopharyngeal"
965,"swab","nasopharyngeal"
966,"guttural pouch wash","guttural pouch gen"
967,"tracheal wash","trachea"
968,"swab","nasopharyngeal"
969,"guttural pouch wash","guttural pouch right"
970,"guttural pouch wash","guttural pouch gen"
971,"swab","unspecified"
972,"guttural pouch wash","guttural pouch left"
973,"guttural pouch wash","guttural pouch right"
974,"guttural pouch wash","guttural pouch left"
975,"guttural pouch wash","guttural pouch gen"
976,"swab","nasal"
976,"tracheal wash","trachea"
977,"guttural pouch wash","guttural pouch left"
978,"other","unspecified"
979,"guttural pouch wash","guttural pouch left"
979,"guttural pouch wash","guttural pouch right"
980,"guttural pouch wash","guttural pouch gen"
980,"guttural pouch wash","guttural pouch left"
981,"guttural pouch wash","guttural pouch right"
986,"swab","nasopharyngeal"
992,"guttural pouch wash","guttural pouch gen"
993,"swab","nasopharyngeal"
996,"swab","nasopharyngeal"
999,"swab","nasopharyngeal"
1000,"guttural pouch wash","guttural pouch gen"
1000,"guttural pouch wash","guttural pouch left"
1000,"guttural pouch wash","guttural pouch right"
1001,"guttural pouch wash","guttural pouch left"
1001,"guttural pouch wash","guttural pouch right"
1002,"swab","unspecified"
1003,"swab","unspecified"
1004,"swab","unspecified"
1005,"swab","nasal"
1006,"swab","nasopharyngeal"
1007,"guttural pouch wash","guttural pouch gen"
1007,"guttural pouch wash","guttural pouch left"
1018,"swab","unspecified"
1019,"swab","nasal"
1020,"guttural pouch wash","guttural pouch gen"
1021,"swab","nasopharyngeal"
1022,"swab","unspecified"
1023,"guttural pouch wash","guttural pouch gen"
1024,"swab","unspecified"
1026,"guttural pouch wash","guttural pouch gen"
1027,"guttural pouch wash","guttural pouch left"
1028,"guttural pouch wash","guttural pouch left"
1028,"guttural pouch wash","guttural pouch right"
1029,"swab","nasopharyngeal"
1030,"guttural pouch wash","guttural pouch left"
1031,"guttural pouch wash","guttural pouch left"
1032,"swab","nasopharyngeal"
1033,"swab","guttural pouch gen"
1034,"guttural pouch wash","guttural pouch right"
1036,"swab","unspecified"
1037,"swab","unspecified"
1038,"guttural pouch wash","guttural pouch gen"
1038,"other","unspecified"
1039,"swab","nasopharyngeal"
1040,"swab","abscess"
1041,"swab","nasal"
1042,"swab","abscess"
1043,"swab","nasopharyngeal"
1044,"swab","unspecified"
1045,"swab","nasopharyngeal"
1046,"swab","nasopharyngeal"
1047,"swab","nasopharyngeal"
1048,"swab","unspecified"
1049,"guttural pouch wash","guttural pouch left"
1050,"swab","nasopharyngeal"
1051,"guttural pouch wash","guttural pouch left"
1051,"guttural pouch wash","guttural pouch right"
1051,"swab","abscess"
1052,"swab","unspecified"
1053,"swab","unspecified"
1054,"guttural pouch wash","guttural pouch gen"
1055,"swab","nasal"
1056,"guttural pouch wash","guttural pouch right"
1061,"other","chondroid"
1062,"swab","unspecified"
1063,"swab","nasopharyngeal"
1064,"swab","nasopharyngeal"
1065,"swab","abscess"
1066,"swab","nasopharyngeal"
1067,"swab","larynx"
1067,"swab","nasopharyngeal"
1068,"swab","unspecified"
1069,"guttural pouch wash","guttural pouch gen"
1069,"swab","nasopharyngeal"
1070,"guttural pouch wash","guttural pouch gen"
1071,"swab","nasal"
1072,"swab","nasopharyngeal"
1073,"swab","nasopharyngeal"
1074,"swab","nasal"
1075,"swab","nasopharyngeal"
1076,"guttural pouch wash","guttural pouch right"
1077,"guttural pouch wash","guttural pouch right"
1078,"swab","pus"
1079,"swab","nasopharyngeal"
1081,"swab","nasopharyngeal"
1082,"guttural pouch wash","guttural pouch left"
1082,"guttural pouch wash","guttural pouch right"
1082,"swab","nasopharyngeal"
1083,"swab","nasal"
1084,"guttural pouch wash","guttural pouch left"
1085,"swab","nasopharyngeal"
1086,"guttural pouch wash","guttural pouch gen"
1086,"swab","guttural pouch gen"
1087,"guttural pouch wash","guttural pouch left"
1087,"guttural pouch wash","guttural pouch right"
1087,"swab","nasal"
1088,"swab","nasal"
1089,"guttural pouch wash","guttural pouch left"
1089,"other","culture plate"
1090,"swab","nasopharyngeal"
1091,"guttural pouch wash","guttural pouch gen"
1092,"guttural pouch wash","guttural pouch gen"
1093,"guttural pouch wash","guttural pouch left"
1093,"guttural pouch wash","guttural pouch right"
1094,"swab","nasopharyngeal"
1095,"other","pus"
1095,"swab","abscess"
1096,"swab","nasopharyngeal"
1097,"guttural pouch wash","guttural pouch gen"
1099,"swab","larynx"
1101,"swab","nasal"
1103,"guttural pouch wash","guttural pouch gen"
1104,"swab","unspecified"
1105,"swab","nasopharyngeal"
1106,"swab","nasopharyngeal"
1107,"swab","nasopharyngeal"
1108,"guttural pouch wash","guttural pouch gen"
1108,"swab","abscess"
1109,"swab","unspecified"
1110,"swab","nasopharyngeal"
1111,"swab","nasopharyngeal"
1112,"guttural pouch wash","guttural pouch left"
1112,"guttural pouch wash","guttural pouch right"
1113,"swab","unspecified"
1114,"swab","SMLN"
1115,"swab","unspecified"
1116,"swab","nasopharyngeal"
1117,"swab","nasopharyngeal"
1118,"swab","nasopharyngeal"
1119,"guttural pouch wash","guttural pouch left"
1119,"guttural pouch wash","guttural pouch right"
1119,"swab","nasopharyngeal"
1132,"guttural pouch wash","guttural pouch gen"
1133,"guttural pouch wash","guttural pouch right"
1133,"swab","nasopharyngeal"
1134,"swab","nasopharyngeal"
1135,"swab","nasopharyngeal"
1137,"guttural pouch wash","guttural pouch left"
1138,"swab","nasopharyngeal"
1139,"swab","nasal"
1139,"swab","nasopharyngeal"
1140,"swab","nasopharyngeal"
1141,"swab","nasopharyngeal"
1142,"swab","nasopharyngeal"
1143,"swab","nasopharyngeal"
1144,"swab","larynx"
1145,"swab","larynx"
1146,"swab","larynx"
1147,"other","pooled GPW and NP"
1148,"swab","unspecified"
1149,"guttural pouch wash","guttural pouch left"
1149,"guttural pouch wash","guttural pouch right"
1149,"swab","nasopharyngeal"
1150,"guttural pouch wash","guttural pouch left"
1151,"guttural pouch wash","guttural pouch gen"
1152,"swab","nasal discharge"
1153,"guttural pouch wash","guttural pouch gen"
1154,"guttural pouch wash","guttural pouch gen"
1155,"other","chondroid"
1156,"swab","nasopharyngeal"
1157,"swab","nasal"
1158,"swab","nasopharyngeal"
1159,"guttural pouch wash","guttural pouch left"
1159,"guttural pouch wash","guttural pouch right"
1160,"guttural pouch wash","guttural pouch gen"
1161,"guttural pouch wash","guttural pouch gen"
1162,"guttural pouch wash","guttural pouch gen"
1163,"guttural pouch wash","guttural pouch left"
1163,"guttural pouch wash","guttural pouch right"
1163,"swab","abscess"
1164,"swab","nasopharyngeal"
1165,"guttural pouch wash","guttural pouch left"
1165,"guttural pouch wash","guttural pouch right"
1165,"swab","nasopharyngeal"
1167,"guttural pouch wash","guttural pouch gen"
1168,"guttural pouch wash","guttural pouch gen"
1169,"swab","nasopharyngeal"
1170,"swab","nasopharyngeal"
1171,"guttural pouch wash","guttural pouch left"
1172,"guttural pouch wash","guttural pouch left"
1172,"guttural pouch wash","guttural pouch right"
1173,"guttural pouch wash","guttural pouch gen"
1174,"guttural pouch wash","guttural pouch gen"
1175,"swab","nasopharyngeal"
1176,"guttural pouch wash","guttural pouch gen"
1176,"swab","SMLN"
1177,"other","unspecified"
1178,"swab","abscess"
1179,"swab","nasopharyngeal"
1180,"swab","unspecified"
1181,"swab","unspecified"
1182,"swab","unspecified"
1183,"guttural pouch wash","guttural pouch left"
1184,"swab","nasopharyngeal"
1185,"swab","nasopharyngeal"
1186,"swab","nasal discharge"
1187,"guttural pouch wash","guttural pouch gen"
1188,"swab","nasopharyngeal"
1189,"swab","nasopharyngeal"
1190,"swab","nasopharyngeal"
1191,"swab","abscess"
1194,"swab","unspecified"
1195,"swab","nasopharyngeal"
1196,"guttural pouch wash","guttural pouch gen"
1197,"swab","nasopharyngeal"
1198,"swab","nasopharyngeal"
1199,"swab","unspecified"
1201,"swab","nasal"
1202,"swab","nasopharyngeal"
1203,"swab","nasopharyngeal"
1204,"swab","nasopharyngeal"
1205,"swab","abscess"
1206,"swab","unspecified"
1207,"guttural pouch wash","guttural pouch gen"
1208,"guttural pouch wash","guttural pouch gen"
1209,"swab","nasal"
1210,"swab","abscess"
1211,"swab","unspecified"
1212,"guttural pouch wash","guttural pouch gen"
1212,"guttural pouch wash","guttural pouch left"
1213,"guttural pouch wash","guttural pouch gen"
1214,"guttural pouch wash","guttural pouch gen"
1215,"guttural pouch wash","guttural pouch gen"
1216,"swab","nasopharyngeal"
1217,"swab","nasopharyngeal"
1218,"swab","unspecified"
1219,"guttural pouch wash","guttural pouch left"
1220,"swab","nasopharyngeal"
1221,"swab","nasopharyngeal"
1222,"guttural pouch wash","guttural pouch gen"
1224,"swab","abscess"
1225,"swab","nasopharyngeal"
1226,"swab","nasopharyngeal"
1227,"guttural pouch wash","guttural pouch right"
1227,"swab","abscess"
1228,"swab","abscess"
1228,"swab","nasopharyngeal"
1229,"guttural pouch wash","guttural pouch gen"
1230,"swab","abscess"
1231,"guttural pouch wash","guttural pouch gen"
1232,"guttural pouch wash","guttural pouch gen"
1233,"swab","nasopharyngeal"
1234,"swab","nasopharyngeal"
1235,"swab","nasopharyngeal"
1237,"swab","nasopharyngeal"
1238,"swab","unspecified"
1239,"swab","unspecified"
1240,"swab","nasopharyngeal"
1241,"swab","nasopharyngeal"
1242,"guttural pouch wash","guttural pouch right"
1243,"guttural pouch wash","guttural pouch right"
1244,"swab","abscess"
1245,"guttural pouch wash","guttural pouch gen"
1246,"guttural pouch wash","guttural pouch gen"
1247,"guttural pouch wash","guttural pouch gen"
1247,"swab","unspecified"
1248,"guttural pouch wash","guttural pouch left"
1248,"guttural pouch wash","guttural pouch right"
1249,"swab","unspecified"
1250,"swab","unspecified"
1251,"guttural pouch wash","guttural pouch gen"
1251,"swab","unspecified"
1254,"swab","abscess"
1255,"swab","nasopharyngeal"
1256,"guttural pouch wash","guttural pouch gen"
1257,"guttural pouch wash","guttural pouch gen"
1258,"guttural pouch wash","guttural pouch right"
1259,"guttural pouch wash","guttural pouch left"
1259,"guttural pouch wash","guttural pouch right"
1260,"swab","abscess"
1261,"swab","nasopharyngeal"
1262,"swab","abscess"
1263,"swab","nasopharyngeal"
1264,"swab","nasal"
1265,"guttural pouch wash","guttural pouch gen"
1266,"guttural pouch wash","guttural pouch gen"
1267,"swab","nasopharyngeal"
1268,"guttural pouch wash","guttural pouch gen"
1269,"swab","nasal discharge"
1270,"guttural pouch wash","guttural pouch gen"
1270,"other","pus"
1271,"swab","unspecified"
1272,"swab","unspecified"
1273,"guttural pouch wash","guttural pouch right"
1274,"swab","nasopharyngeal"
1275,"guttural pouch wash","guttural pouch gen"
1276,"swab","nasopharyngeal"
1277,"guttural pouch wash","guttural pouch gen"
1277,"swab","nasal"
1278,"guttural pouch wash","guttural pouch gen"
1279,"swab","nasopharyngeal"
1280,"swab","nasopharyngeal"
1281,"swab","unspecified"
1282,"swab","nasopharyngeal"
1283,"swab","nasal"
1284,"guttural pouch wash","guttural pouch gen"
1285,"guttural pouch wash","guttural pouch left"
1285,"guttural pouch wash","guttural pouch right"
1286,"swab","nasopharyngeal"
1287,"guttural pouch wash","guttural pouch gen"
1288,"swab","abscess"
1289,"guttural pouch wash","guttural pouch gen"
1290,"guttural pouch wash","guttural pouch gen"
1291,"swab","nasopharyngeal"
1292,"tracheal wash","trachea"
1294,"guttural pouch wash","guttural pouch left"
1295,"swab","nasopharyngeal"
1296,"swab","nasopharyngeal"
1297,"swab","SMLN"
1298,"swab","nasopharyngeal"
1299,"swab","nasopharyngeal"
1300,"guttural pouch wash","guttural pouch gen"
1300,"swab","nasopharyngeal"
1301,"guttural pouch wash","guttural pouch gen"
1302,"guttural pouch wash","guttural pouch gen"
1303,"swab","nasopharyngeal"
1304,"guttural pouch wash","guttural pouch gen"
1305,"swab","nasopharyngeal"
1306,"swab","nasal"
1307,"guttural pouch wash","guttural pouch gen"
1308,"guttural pouch wash","guttural pouch gen"
1309,"guttural pouch wash","guttural pouch left"
1310,"guttural pouch wash","guttural pouch left"
1310,"guttural pouch wash","guttural pouch right"
1311,"swab","nasopharyngeal"
1312,"guttural pouch wash","guttural pouch right"
1313,"swab","abscess"
1316,"swab","nasopharyngeal"
1317,"guttural pouch wash","guttural pouch gen"
1318,"guttural pouch wash","guttural pouch gen"
1319,"guttural pouch wash","guttural pouch right"
1320,"other","abscess"
1321,"guttural pouch wash","guttural pouch gen"
1321,"swab","nasopharyngeal"
1322,"swab","abscess"
1322,"swab","nasopharyngeal"
1323,"guttural pouch wash","guttural pouch left"
1323,"guttural pouch wash","guttural pouch right"
1324,"guttural pouch wash","guttural pouch gen"
1325,"guttural pouch wash","guttural pouch gen"
1326,"swab","nasopharyngeal"
1327,"guttural pouch wash","guttural pouch gen"
1328,"swab","nasopharyngeal"
1329,"swab","nasal"
1330,"swab","unspecified"
1331,"swab","wound"
1332,"swab","nasopharyngeal"
1333,"guttural pouch wash","guttural pouch gen"
1333,"swab","nasal"
1334,"guttural pouch wash","guttural pouch gen"
1335,"guttural pouch wash","guttural pouch right"
1335,"swab","nasopharyngeal"
1336,"swab","nasopharyngeal"
1337,"swab","nasopharyngeal"
1338,"guttural pouch wash","guttural pouch gen"
1339,"swab","nasopharyngeal"
1340,"swab","SMLN"
1341,"guttural pouch wash","guttural pouch right"
1341,"swab","abscess"
1342,"swab","nasopharyngeal"
1343,"swab","SMLN"
1344,"swab","nasal"
1345,"swab","nasopharyngeal"
1346,"guttural pouch wash","guttural pouch gen"
1347,"guttural pouch wash","guttural pouch gen"
1347,"guttural pouch wash","guttural pouch left"
1348,"swab","nasopharyngeal"
1349,"guttural pouch wash","guttural pouch right"
1350,"guttural pouch wash","guttural pouch left"
1350,"tracheal wash","trachea"
1351,"guttural pouch wash","guttural pouch gen"
1352,"guttural pouch wash","guttural pouch gen"
1353,"other","pharyngeal"
1354,"swab","nasal"
1355,"swab","nasal"
1356,"swab","nasal"
1357,"swab","nasal"
1358,"swab","nasal"
1359,"swab","nasopharyngeal"
1360,"guttural pouch wash","guttural pouch gen"
1361,"swab","nasopharyngeal"
1362,"guttural pouch wash","guttural pouch gen"
1363,"swab","nasopharyngeal"
1364,"guttural pouch wash","guttural pouch left"
1365,"swab","nasopharyngeal"
1366,"guttural pouch wash","guttural pouch gen"
1366,"swab","nasopharyngeal"
1367,"guttural pouch wash","guttural pouch gen"
1368,"guttural pouch wash","guttural pouch gen"
1368,"guttural pouch wash","guttural pouch left"
1369,"swab","nasal"
1370,"swab","nasal discharge"
1371,"swab","nasopharyngeal"
1372,"swab","abscess"
1373,"guttural pouch wash","guttural pouch gen"
1374,"swab","nasopharyngeal"
1375,"guttural pouch wash","guttural pouch gen"
1376,"swab","unspecified"
1377,"swab","nasopharyngeal"
1378,"swab","nasopharyngeal"
1379,"swab","abscess"
1380,"swab","nasopharyngeal"
1381,"guttural pouch wash","guttural pouch gen"
1381,"swab","nasal"
1382,"swab","unspecified"
1383,"other","abscess"
1383,"swab","abscess"
1384,"guttural pouch wash","guttural pouch left"
1385,"guttural pouch wash","guttural pouch left"
1385,"guttural pouch wash","guttural pouch right"
1386,"guttural pouch wash","guttural pouch left"
1387,"guttural pouch wash","guttural pouch gen"
1388,"swab","unspecified"
1389,"guttural pouch wash","guttural pouch left"
1389,"guttural pouch wash","guttural pouch right"
1389,"swab","nasopharyngeal"
1390,"swab","nasopharyngeal"
1391,"swab","nasopharyngeal"
1392,"swab","nasopharyngeal"
1393,"swab","nasopharyngeal"
1394,"swab","nasopharyngeal"
1395,"swab","nasopharyngeal"
1396,"swab","abscess"
1397,"swab","abscess"
1399,"swab","nasopharyngeal"
1400,"swab","unspecified"
1401,"swab","nasal"
1402,"swab","nasopharyngeal"
1403,"guttural pouch wash","guttural pouch gen"
1404,"swab","nasal"
1405,"swab","nasal"
1406,"guttural pouch wash","guttural pouch gen"
1407,"swab","pus"
1408,"swab","nasopharyngeal"
1409,"swab","nasal"
1410,"swab","nasopharyngeal"
1411,"guttural pouch wash","guttural pouch gen"
1412,"swab","nasopharyngeal"
1413,"guttural pouch wash","guttural pouch gen"
1414,"guttural pouch wash","guttural pouch gen"
1415,"swab","nasopharyngeal"
1416,"guttural pouch wash","guttural pouch gen"
1417,"swab","nasopharyngeal"
1418,"swab","nasopharyngeal"
1419,"swab","abscess"
1420,"swab","nasal"
1421,"guttural pouch wash","guttural pouch left"
1422,"guttural pouch wash","guttural pouch left"
1423,"swab","nasopharyngeal"
1424,"swab","abscess"
1425,"swab","nasopharyngeal"
1426,"swab","abscess"
1427,"swab","nasopharyngeal"
1428,"swab","nasopharyngeal"
1429,"swab","nasopharyngeal"
1430,"swab","nasopharyngeal"
1430,"swab","SMLN"
1431,"swab","nasal"
1432,"guttural pouch wash","guttural pouch left"
1432,"guttural pouch wash","guttural pouch right"
1432,"swab","nasopharyngeal"
1434,"swab","nasopharyngeal"
1435,"swab","nasopharyngeal"
1436,"swab","nasopharyngeal"
1438,"guttural pouch wash","guttural pouch gen"
1439,"guttural pouch wash","guttural pouch gen"
1440,"swab","nasopharyngeal"
1441,"guttural pouch wash","guttural pouch left"
1441,"guttural pouch wash","guttural pouch right"
1442,"guttural pouch wash","guttural pouch right"
1443,"guttural pouch wash","guttural pouch gen"
1444,"guttural pouch wash","guttural pouch gen"
1445,"guttural pouch wash","guttural pouch left"
1446,"guttural pouch wash","guttural pouch left"
1446,"guttural pouch wash","guttural pouch right"
1447,"swab","nasopharyngeal"
1448,"guttural pouch wash","guttural pouch gen"
1449,"guttural pouch wash","guttural pouch gen"
1450,"guttural pouch wash","guttural pouch gen"
1450,"swab","nasopharyngeal"
1451,"guttural pouch wash","guttural pouch gen"
1452,"swab","abscess"
1453,"guttural pouch wash","guttural pouch right"
1454,"guttural pouch wash","guttural pouch right"
1455,"guttural pouch wash","guttural pouch gen"
1456,"guttural pouch wash","guttural pouch right"
1457,"swab","SMLN"
1458,"swab","caecum"
1459,"swab","nasopharyngeal"
1460,"tracheal wash","trachea"
1461,"swab","nasopharyngeal"
1462,"guttural pouch wash","guttural pouch left"
1463,"swab","nasopharyngeal"
1464,"swab","abscess"
1465,"swab","nasal discharge"
1466,"swab","nasal discharge"
1467,"swab","nasopharyngeal"
1468,"swab","nasal discharge"
1469,"guttural pouch wash","guttural pouch left"
1469,"guttural pouch wash","guttural pouch right"
1470,"swab","nasopharyngeal"
1471,"other","abscess"
1471,"swab","SMLN"
1472,"guttural pouch wash","guttural pouch gen"
1473,"guttural pouch wash","guttural pouch gen"
1474,"guttural pouch wash","guttural pouch gen"
1475,"swab","abscess"
1476,"swab","unspecified"
1477,"swab","nasopharyngeal"
1478,"swab","unspecified"
1479,"guttural pouch wash","guttural pouch gen"
1480,"guttural pouch wash","guttural pouch gen"
1481,"guttural pouch wash","guttural pouch gen"
1482,"swab","nasopharyngeal"
1483,"guttural pouch wash","guttural pouch left"
1484,"guttural pouch wash","guttural pouch left"
1485,"swab","nasopharyngeal"
1486,"guttural pouch wash","guttural pouch left"
1487,"swab","nasopharyngeal"
1489,"guttural pouch wash","guttural pouch gen"
1490,"swab","nasopharyngeal"
1491,"swab","abscess"
1492,"swab","retropharyngeal"
1493,"guttural pouch wash","guttural pouch gen"
1494,"swab","nasopharyngeal"
1495,"other","unspecified"
1496,"guttural pouch wash","guttural pouch gen"
1497,"swab","abscess"
1498,"swab","nasal"
1499,"swab","unspecified"
1500,"guttural pouch wash","guttural pouch left"
1500,"guttural pouch wash","guttural pouch right"
1501,"swab","nasopharyngeal"
1502,"swab","unspecified"
1503,"guttural pouch wash","guttural pouch gen"
1503,"guttural pouch wash","guttural pouch left"
1504,"swab","unspecified"
1505,"swab","nasopharyngeal"
1506,"swab","nasopharyngeal"
1507,"swab","nasopharyngeal"
1508,"guttural pouch wash","guttural pouch right"
1508,"swab","guttural pouch gen"
1509,"swab","nasopharyngeal"
1510,"guttural pouch wash","guttural pouch left"
1511,"guttural pouch wash","guttural pouch gen"
1511,"swab","SMLN"
1512,"guttural pouch wash","guttural pouch gen"
1513,"guttural pouch wash","guttural pouch gen"
1514,"guttural pouch wash","guttural pouch gen"
1515,"swab","nasopharyngeal"
1516,"swab","nasopharyngeal"
1517,"guttural pouch wash","guttural pouch left"
1517,"guttural pouch wash","guttural pouch right"
1518,"guttural pouch wash","guttural pouch gen"
1519,"swab","nasal discharge"
1520,"swab","nasopharyngeal"
1521,"guttural pouch wash","guttural pouch right"
1521,"tracheal wash","trachea"
1522,"swab","unspecified"
1523,"swab","nasopharyngeal"
1524,"swab","nasopharyngeal"
1525,"swab","abscess"
1526,"swab","nasopharyngeal"
1527,"guttural pouch wash","guttural pouch gen"
1527,"guttural pouch wash","guttural pouch left"
1527,"guttural pouch wash","guttural pouch right"
1528,"swab","unspecified"
1529,"guttural pouch wash","guttural pouch gen"
1530,"guttural pouch wash","guttural pouch gen"
1531,"guttural pouch wash","guttural pouch gen"
1532,"swab","nasopharyngeal"
1533,"guttural pouch wash","guttural pouch gen"
1534,"swab","nasopharyngeal"
1535,"swab","unspecified"
1536,"guttural pouch wash","guttural pouch gen"
1536,"other","guttural pouch gen"
1537,"guttural pouch wash","guttural pouch gen"
1538,"swab","abscess"
1539,"swab","nasopharyngeal"
1540,"swab","abscess"
1541,"guttural pouch wash","guttural pouch gen"
1541,"swab","nasal"
1542,"guttural pouch wash","guttural pouch right"
1543,"swab","abscess"
1543,"swab","pus"
1544,"guttural pouch wash","guttural pouch gen"
1545,"swab","nasopharyngeal"
1546,"swab","nasopharyngeal"
1547,"swab","nasal"
1547,"swab","nasopharyngeal"
1548,"guttural pouch wash","guttural pouch gen"
1548,"swab","nasopharyngeal"
1549,"guttural pouch wash","guttural pouch left"
1550,"swab","nasopharyngeal"
1551,"guttural pouch wash","guttural pouch gen"
1552,"guttural pouch wash","guttural pouch right"
1553,"guttural pouch wash","guttural pouch gen"
1554,"swab","nasal"
1555,"swab","abscess"
1556,"swab","nasal"
1557,"guttural pouch wash","guttural pouch gen"
1558,"swab","nasopharyngeal"
1559,"swab","abscess"
1560,"swab","nasopharyngeal"
1561,"guttural pouch wash","guttural pouch left"
1561,"guttural pouch wash","guttural pouch right"
1562,"swab","nasopharyngeal"
1563,"swab","abscess"
1564,"guttural pouch wash","guttural pouch gen"
1565,"other","abscess"
1566,"guttural pouch wash","guttural pouch left"
1566,"guttural pouch wash","guttural pouch right"
1567,"guttural pouch wash","guttural pouch left"
1567,"guttural pouch wash","guttural pouch right"
1568,"swab","nasal discharge"
1569,"swab","unspecified"
1570,"swab","nasopharyngeal"
1571,"swab","nasopharyngeal"
1572,"swab","abscess"
1573,"other","unspecified"
1574,"guttural pouch wash","guttural pouch left"
1574,"swab","nasopharyngeal"
1575,"other","chondroid"
1576,"guttural pouch wash","guttural pouch gen"
1577,"guttural pouch wash","guttural pouch gen"
1577,"swab","nasopharyngeal"
1578,"swab","nasopharyngeal"
1579,"swab","nasopharyngeal"
1580,"swab","nasopharyngeal"
1581,"guttural pouch wash","guttural pouch gen"
1582,"swab","nasopharyngeal"
1583,"swab","nasopharyngeal"
1584,"swab","nasopharyngeal"
1585,"guttural pouch wash","guttural pouch gen"
1586,"guttural pouch wash","guttural pouch gen"
1587,"swab","nasopharyngeal"
1588,"guttural pouch wash","guttural pouch gen"
1589,"swab","nasopharyngeal"
1590,"swab","nasopharyngeal"
1591,"swab","abscess"
1592,"swab","nasopharyngeal"
1593,"guttural pouch wash","guttural pouch gen"
1594,"guttural pouch wash","guttural pouch gen"
1595,"guttural pouch wash","guttural pouch gen"
1596,"guttural pouch wash","guttural pouch gen"
1597,"guttural pouch wash","guttural pouch gen"
1598,"swab","nasopharyngeal"
1599,"other","unspecified"
1600,"guttural pouch wash","guttural pouch right"
1601,"guttural pouch wash","guttural pouch left"
1602,"guttural pouch wash","guttural pouch left"
1603,"other","unspecified"
1604,"guttural pouch wash","guttural pouch gen"
1605,"swab","nasal"
1606,"guttural pouch wash","guttural pouch left"
1607,"swab","abscess"
1608,"guttural pouch wash","guttural pouch gen"
1609,"guttural pouch wash","guttural pouch gen"
1610,"guttural pouch wash","guttural pouch gen"
1611,"guttural pouch wash","guttural pouch left"
1611,"guttural pouch wash","guttural pouch right"
1612,"swab","abscess"
1613,"swab","nasopharyngeal"
1614,"guttural pouch wash","guttural pouch left"
1615,"guttural pouch wash","guttural pouch left"
1615,"guttural pouch wash","guttural pouch right"
1616,"guttural pouch wash","guttural pouch left"
1616,"guttural pouch wash","guttural pouch right"
1617,"swab","nasopharyngeal"
1619,"swab","nasopharyngeal"
1637,"guttural pouch wash","guttural pouch gen"
1638,"guttural pouch wash","guttural pouch gen"
1639,"swab","nasal"
1640,"guttural pouch wash","guttural pouch gen"
1641,"guttural pouch wash","guttural pouch gen"
1642,"swab","nasopharyngeal"
1643,"guttural pouch wash","guttural pouch gen"
1644,"swab","nasopharyngeal"
1645,"swab","nasopharyngeal"
1646,"guttural pouch wash","guttural pouch gen"
1647,"swab","nasal discharge"
1648,"guttural pouch wash","guttural pouch left"
1649,"swab","nasopharyngeal"
1650,"guttural pouch wash","guttural pouch gen"
1650,"swab","nasal discharge"
1651,"guttural pouch wash","guttural pouch gen"
1651,"swab","nasopharyngeal"
1652,"swab","nasopharyngeal"
1653,"swab","nasopharyngeal"
1654,"guttural pouch wash","guttural pouch gen"
1655,"swab","unspecified"
1656,"swab","abscess"
1657,"swab","nasopharyngeal"
1658,"swab","nasopharyngeal"
1659,"guttural pouch wash","guttural pouch gen"
1660,"swab","nasal"
1660,"swab","nasopharyngeal"
1661,"swab","nasopharyngeal"
1662,"swab","nasopharyngeal"
1663,"swab","nasopharyngeal"
1664,"swab","nasal"
1665,"swab","nasal"
1666,"swab","nasopharyngeal"
1667,"swab","unspecified"
1668,"swab","abscess"
1669,"guttural pouch wash","guttural pouch gen"
1670,"swab","abscess"
1671,"swab","nasopharyngeal"
1672,"swab","abscess"
1672,"swab","nasopharyngeal"
1673,"other","nasal"
1674,"swab","nasopharyngeal"
1675,"guttural pouch wash","guttural pouch gen"
1676,"swab","nasopharyngeal"
1677,"swab","nasal"
1678,"swab","abscess"
1679,"swab","nasopharyngeal"
1680,"swab","nasopharyngeal"
1681,"swab","nasopharyngeal"
1682,"guttural pouch wash","guttural pouch left"
1682,"swab","unspecified"
1683,"swab","nasopharyngeal"
1684,"swab","nasopharyngeal"
1685,"swab","SMLN"
1686,"swab","nasopharyngeal"
1687,"guttural pouch wash","guttural pouch left"
1687,"guttural pouch wash","guttural pouch right"
1688,"swab","SMLN"
1689,"swab","abscess"
1690,"other","unspecified"
1691,"swab","unspecified"
1692,"swab","nasal"
1693,"guttural pouch wash","guttural pouch gen"
1694,"swab","nasopharyngeal"
1695,"swab","nasopharyngeal"
1696,"swab","mandible_ventral"
1697,"guttural pouch wash","guttural pouch left"
1697,"guttural pouch wash","guttural pouch right"
1698,"swab","abscess"
1699,"swab","nasopharyngeal"
1700,"guttural pouch wash","guttural pouch left"
1700,"guttural pouch wash","guttural pouch right"
1701,"swab","nasopharyngeal"
1702,"guttural pouch wash","guttural pouch left"
1703,"swab","nasal"
1704,"swab","nasal"
1705,"swab","nasal"
1706,"guttural pouch wash","guttural pouch right"
1707,"swab","abscess"
1708,"guttural pouch wash","guttural pouch left"
1709,"swab","nasopharyngeal"
1710,"swab","nasopharyngeal"
1711,"swab","nasal"
1712,"guttural pouch wash","guttural pouch right"
1713,"swab","nasopharyngeal"
1714,"swab","nasal"
1715,"swab","nasopharyngeal"
1717,"swab","abscess"
1717,"swab","nasopharyngeal"
1718,"swab","abscess"
1719,"swab","nasopharyngeal"
1721,"guttural pouch wash","guttural pouch gen"
1722,"other","nasal"
1723,"swab","nasopharyngeal"
1724,"swab","nasopharyngeal"
1725,"guttural pouch wash","guttural pouch gen"
1726,"other","chondroid"
1727,"swab","nasopharyngeal"
1728,"guttural pouch wash","guttural pouch gen"
1729,"guttural pouch wash","guttural pouch left"
1729,"swab","unspecified"
1730,"guttural pouch wash","guttural pouch right"
1731,"guttural pouch wash","guttural pouch left"
1732,"swab","SMLN"
1734,"swab","nasal"
1735,"swab","nasopharyngeal"
1735,"swab","unspecified"
1736,"guttural pouch wash","guttural pouch gen"
1737,"guttural pouch wash","guttural pouch gen"
1738,"guttural pouch wash","guttural pouch gen"
1738,"other","chondroid"
1739,"guttural pouch wash","guttural pouch gen"
1740,"swab","nasopharyngeal"
1741,"swab","abscess"
1742,"swab","nasopharyngeal"
1743,"swab","nasopharyngeal"
1744,"guttural pouch wash","guttural pouch left"
1745,"guttural pouch wash","guttural pouch gen"
1745,"guttural pouch wash","guttural pouch right"
1745,"swab","nasopharyngeal"
1746,"swab","nasopharyngeal"
1747,"dna","extract"
1748,"swab","nasopharyngeal"
1749,"swab","nasopharyngeal"
1750,"guttural pouch wash","guttural pouch right"
1751,"guttural pouch wash","guttural pouch right"
1752,"swab","nasopharyngeal"
1753,"swab","abscess"
1754,"guttural pouch wash","guttural pouch gen"
1755,"swab","nasopharyngeal"
1756,"swab","nasal"
1757,"guttural pouch wash","guttural pouch gen"
1758,"swab","nasopharyngeal"
1759,"guttural pouch wash","guttural pouch left"
1760,"swab","abscess"
1760,"swab","nasal discharge"
1761,"swab","nasopharyngeal"
1762,"guttural pouch wash","guttural pouch gen"
1762,"other","pharyngeal"
1762,"swab","unspecified"
1763,"guttural pouch wash","guttural pouch gen"
1764,"swab","abscess"
1765,"swab","nasopharyngeal"
1766,"swab","nasopharyngeal"
1767,"guttural pouch wash","guttural pouch left"
1767,"guttural pouch wash","guttural pouch right"
1768,"guttural pouch wash","guttural pouch gen"
1769,"other","pooled GPW and NP"
1770,"guttural pouch wash","guttural pouch left"
1771,"swab","abscess"
1772,"swab","nasopharyngeal"
1773,"swab","abscess"
1774,"guttural pouch wash","guttural pouch gen"
1775,"guttural pouch wash","guttural pouch left"
1858,"swab","nasopharyngeal"
1864,"swab","nasopharyngeal"
1865,"swab","nasopharyngeal"
